Title,Type,Question Text,Answer 1,Correct 1,Answer 2,Correct 2,Answer 3,Correct 3,Answer 4,Correct 4,Answer 5,Correct 5,Answer 6,Correct 6,Points
Policies Part (a),Multiple Choice (Multiple Answers),Which of the following are acceptable behaviors in solving homeworks/projects? (Select all that apply),Looking up relevant C++ reference information online,TRUE,Looking up or asking for sample solutions online from sites like Chegg, Github, etc.,FALSE,Talking to my classmates about general approaches about the problems (but no specific coding statements or description of your own code or someone else's code),TRUE,Copying code from my classmates or an online source, and then editing it significantly.,FALSE,Asking the course staff for help,TRUE,Sitting next to my classmate and coding together as a team or with significant conversation about approach.,FALSE,Sharing my code with a classmate, even if he/she just wants to read over it and learn from it,FALSE,12
Policies Part (b),Multiple Choice (Multiple Answers),To dispute a grade on a HW assignment you should (select all that apply),Email the professor immediately.,FALSE,Complete the regrade request form within 1 week of receiving the grade and wait for an issue to be posted to your Github repo.,TRUE,Visit the designated regrade TA within 1 week of your score posting.,TRUE,,FALSE,,,,,8
Policies Part (c),Multiple Choice (Multiple Answers),What is the late submission policy (select all that apply),One hour late submission is acceptable for each assignment.,FALSE,Each assignment can be submitted up to two days late for 50% credit.,TRUE,Each student has 5 late days of which only 2 can be used per HW,TRUE,Students need to get an approval before submitting an assignment late.,FALSE,,FALSE,,,,,8
Policies Part (d),Multiple Choice (Multiple Answers),After pushing your code to Github you should... (select all that apply),Do nothing. Once you push your code you are done.,FALSE,Clone your repo to a temporary folder to ensure all the files you desire are pushed and that your code compiles.,TRUE,Complete the online submission page using your FULL (30 or more digit) SHA.,FALSE,,FALSE,,,,,6
Policies Part (e),Multiple Choice (Multiple Answers),If you have NO grace days left and it is after the submission deadline, we will accept your assignment under what circumstances (select all that apply),None. We will not accept your submission.,FALSE,There is an hour grace period after the deadline.,FALSE,If there is a technical difficulty (such as wireless trouble, or github commit/push issues, etc.) with submission.,TRUE,If you email us your code as attachments.,FALSE,,FALSE,,,,,6
Policies Part (f),Multiple Choice (Multiple Answers),General submission policies: indicate True/False for each statement. (Select all that are True),Before submitting your HW you should reclone your repo to a separate folder and ensure all files are present and your code compiles.,TRUE,If you forget to submit a file via GITHUB you can still apply for a regrade after the deadline and submit the missing file.,FALSE,You only have 7 days to submit a regrade for homeworks, unless otherwise stated, and after that you are not eligible for a regrade for ANY reason.,TRUE,,FALSE,,,,,10
Git Part (a),Multiple Choice (Multiple Answers),When cloning a Git repo, which of the following should you avoid? (Select all that apply),Cloning into a folder that itself is a git repo,TRUE,Cloning into a sync'ed folder like Dropbox or Google Drive,TRUE,Cloning into the Desktop folder of your VM,TRUE,,FALSE,,,,,6
Git Part (b1),Multiple Choice (Single Answer),Which git command stages an untracked file named 'hw1q2b.cpp'?,git add hw1q2b.cpp,TRUE,git commit hw1q2b.cpp,FALSE,git status hw1q2b.cpp,FALSE,git push origin HEAD,FALSE,,FALSE,,,,,6
Git Part (b2),Multiple Choice (Single Answer),Which git command displays the details of the last three commits in the repository?,git log -n 3,TRUE,git show --last 3,FALSE,git diff HEAD~3..HEAD,FALSE,git reflog -3,FALSE,,FALSE,,,,,6
Git Part (c),Multiple Choice (Single Answer),What is the full command to re-clone your private CSCI104 repo to your VM (assume you are in an appropriate folder)?,git clone git@github.com:yourusername/csci104.git,TRUE,git init csci104,FALSE,git fork csci104,FALSE,git pull origin master,FALSE,,FALSE,,,,,8
LL Recursion Part (a),Multiple Choice (Single Answer),What linked list is returned by llrec when called with in1 = 1,2,3,4 and in2 = 5,6?,1,5,2,6,3,4,TRUE,5,1,6,2,3,4,FALSE,1,2,3,4,5,6,FALSE,5,6,1,2,3,4,FALSE,,FALSE,,,,,10
LL Recursion Part (b),Multiple Choice (Single Answer),What linked list is returned by llrec when called with in1 = nullptr and in2 = 2?,2,TRUE,nullptr,FALSE,2,1,FALSE,1,2,FALSE,,FALSE,,,,,6
Notes / Reclone check,Multiple Choice (Single Answer),Before submitting HW you should reclone and check your repo by cloning to a temporary folder and verifying compilation. Is this recommended?,Yes,TRUE,No,FALSE,Sometimes,FALSE,Only if asked,FALSE,,FALSE,,,,,6
